domain,fake,satire,bias,conspiracy,state,junksci,hate,clickbait,unreliable,political,reliable
100percentfedup.com,0,0,10,0,0,0,0,0,0,0,0
2016-11-13T15:38:41.407+02:00,0,0,0,0,0,0,0,0,0,0,0
21stcenturywire.com,0,0,0,2352,0,0,0,0,0,0,0
4threvolutionarywar.wordpress.com,0,0,631,0,0,0,0,0,0,0,0
70news.wordpress.com,261,0,0,0,0,0,0,0,0,0,0
82.221.129.208,0,0,0,4,0,0,0,0,0,0,0
Zengardner.com,0,0,0,0,0,0,0,0,0,0,0
aanirfan.blogspot.co.uk,0,0,0,0,0,0,0,0,3,0,0
abcnews.go.com,0,0,0,0,0,0,0,0,0,0,1007
abovetopsecret.com,0,0,0,27947,0,0,0,0,0,0,0
abriluno.com,0,2,0,0,0,0,0,0,0,0,0
aceflashman.wordpress.com,0,6,0,0,0,0,0,0,0,0,0
activistpost.com,0,0,0,3066,0,0,0,0,0,0,0
actualidadpanamericana.com,0,145,0,0,0,0,0,0,0,0,0
addictinginfo.org,0,0,0,0,0,0,0,70,0,0,0
adobochronicles.com,0,2,0,0,0,0,0,0,0,0,0
advocate.com,0,0,0,0,0,0,0,0,0,757,0
af.reuters.com,0,0,0,0,0,0,0,0,0,0,631
aheadoftheherd.com,0,0,18,0,0,0,0,0,0,0,0
ahtribune.com,0,0,0,0,0,0,0,0,245,0,0
allnewspipeline.com,0,0,0,0,0,0,0,0,55,0,0
alternet.org,0,0,0,0,0,0,0,0,0,2182,0
americablog.com,0,0,3074,0,0,0,0,0,0,0,0
americanborderpatrol.com,0,0,0,0,0,0,42,0,0,0,0
americanfreepress.net,0,0,0,1055,0,0,0,0,0,0,0
americanlookout.com,0,0,815,0,0,0,0,0,0,0,0
americannews.com,20,0,0,0,0,0,0,0,0,0,0
americannewsx.com,0,0,0,0,0,0,0,0,0,24,0
americanoverlook.com,6,0,0,0,0,0,0,0,0,0,0
americanpatriotdaily.com,0,0,7,0,0,0,0,0,0,0,0
americanprogress.org,0,0,0,0,0,0,0,0,0,482,0
americanthinker.com,0,0,3395,0,0,0,0,0,0,0,0
americantoday.news,0,0,0,0,0,0,0,0,0,0,0
americasfreedomfighters.com,0,0,192,0,0,0,0,0,0,0,0
amren.com,0,0,0,0,0,0,4767,0,0,0,0
amtvmedia.com,0,0,0,0,0,0,0,0,0,0,0
ancient-code.com,0,0,0,0,0,853,0,0,0,0,0
angrypatriotmovement.com,0,0,0,12,0,0,0,0,0,0,0
anonews.co,0,0,0,0,0,0,0,0,77,0,0
anonhq.com,0,0,0,0,0,0,0,0,389,0,0
anonjekloy.tk,3,0,0,0,0,0,0,0,0,0,0
anotherdayintheempire.com,0,0,30,0,0,0,0,0,0,0,0
antiwar.com,0,0,621,0,0,0,0,0,0,0,0
assassinationscience.com,0,0,0,18,0,0,0,0,0,0,0
attn.com,0,0,0,0,0,0,0,0,0,18,0
au.be.yahoo.com,0,0,0,0,0,0,0,0,0,0,78
au.finance.yahoo.com,0,0,0,0,0,0,0,0,0,0,119
au.news.yahoo.com,0,0,0,0,0,0,0,0,0,0,64
awarenessact.com,0,0,0,2786,0,0,0,0,0,0,0
awazetribune.com,0,35,0,0,0,0,0,0,0,0,0
awm.com,0,0,0,0,0,0,0,0,20,0,0
baptistnews.com,0,0,0,0,0,0,0,0,0,896,0
barenakedislam.com,0,0,0,0,0,0,234,0,0,0,0
barnesreview.org,0,0,0,0,0,0,264,0,0,0,0
beehivebugle.com,0,13,0,0,0,0,0,0,0,0,0
beforeitsnews.com,91468,0,0,0,0,0,0,0,0,0,0
betootaadvocate.com,0,10,0,0,0,0,0,0,0,0,0
bigamericannews.com,0,32,0,0,0,0,0,0,0,0,0
bighairynews.com,1,0,0,0,0,0,0,0,0,0,0
bipartisanreport.com,0,0,0,0,0,0,0,28,0,0,0
blackagendareport.com,0,0,0,0,0,0,0,0,97,0,0
blackgenocide.org,0,0,0,5,0,0,0,0,0,0,0
blacklistednews.com,0,0,0,0,0,0,0,38,0,0,0
bleacherreport.com,0,0,0,0,0,0,0,0,0,0,302
bluenationreview.com,0,0,0,0,0,0,0,89,0,0,0
breaking911.com,0,0,0,0,0,0,0,636,0,0,0
breakpoint.org,0,0,0,0,0,0,0,0,713,0,0
breitbart.com,0,0,0,0,0,0,0,0,0,7018,0
burrardstreetjournal.com,0,13,0,0,0,0,0,0,0,0,0
ca.news.yahoo.com,0,0,0,0,0,0,0,0,0,0,395
ca.reuters.com,0,0,0,0,0,0,0,0,0,0,672
callthecops.net,0,25,0,0,0,0,0,0,0,0,0
canadafreepress.com,0,0,0,971,0,0,0,0,0,0,0
celebtricity.com,0,53,0,0,0,0,0,0,0,0,0
centerforsecuritypolicy.org,0,0,890,0,0,0,0,0,0,0,0
channel18news.com,1,0,0,0,0,0,0,0,0,0,0
charismanews.com,0,0,396,0,0,0,0,0,0,0,0
chaser.com.au,0,84,0,0,0,0,0,0,0,0,0
christianpost.com,0,0,0,0,0,0,0,0,0,0,2228
christwire.org,0,21,0,0,0,0,0,0,0,0,0
chronicle.su,0,58,0,0,0,0,0,0,0,0,0
chroniclesmagazine.org,0,0,0,0,0,0,0,0,0,3007,0
citizensunited.org,0,0,5,0,0,0,0,0,0,0,0
city-journal.org,0,0,0,0,0,0,0,0,0,196,0
civictribune.com,8,0,0,0,0,0,0,0,0,0,0
clashdaily.com,327,0,0,0,0,0,0,0,0,0,0
clickhole.com,0,20,0,0,0,0,0,0,0,0,0
cnnnext.com,0,0,0,0,0,0,0,0,503,0,0
coasttocoastam.com,0,0,0,0,0,0,0,0,706,0,0
coed.com,1254,0,0,0,0,0,0,0,0,0,0
collective-evolution.com,0,0,0,0,0,221,0,0,0,0,0
collectivelyconscious.net,0,0,0,0,0,675,0,0,0,0,0
commentarymagazine.com,0,0,0,0,0,0,0,0,0,1216,0
commondreams.org,0,0,0,0,0,0,0,0,0,1181,0
concisepolitics.com,0,0,0,2,0,0,0,0,0,0,0
conservapedia.com,0,0,4941,0,0,0,0,0,0,0,0
conservativedailypost.com,72,0,0,0,0,0,0,0,0,0,0
conservativefighters.com,18,0,0,0,0,0,0,0,0,0,0
conservativefiringline.com,0,0,254,0,0,0,0,0,0,0,0
conservativehq.com,0,0,950,0,0,0,0,0,0,0,0
conservativeoutfitters.com,0,0,0,0,0,0,0,0,177,0,0
conservativepapers.com,0,0,1579,0,0,0,0,0,0,0,0
conservativerefocus.com,0,0,0,3150,0,0,0,0,0,0,0
conservativereview.com,0,0,0,0,0,0,0,0,0,156,0
conservativespirit.com,0,0,2,0,0,0,0,0,0,0,0
conservativetribune.com,0,0,1520,0,0,0,0,0,0,0,0
consortiumnews.com,0,0,0,0,0,0,0,0,0,0,691
corbettreport.com,0,0,0,262,0,0,0,0,0,0,0
countdowntozerotime.com,0,0,0,2,0,0,0,0,0,0,0
countercurrents.org,0,0,0,0,0,0,0,0,0,846,0
counterinformation.wordpress.com,0,0,0,0,0,0,0,0,0,226,0
counterjihad.com,0,0,29,0,0,0,0,0,0,0,0
counterpsyops.com,0,0,0,295,0,0,0,0,0,0,0
counterpunch.org,0,0,0,0,0,0,0,0,0,639,0
cowgernation.com,0,0,89,0,0,0,0,0,0,0,0
creambmp.com,0,24,0,0,0,0,0,0,0,0,0
dailybuzzlive.com,28,0,0,0,0,0,0,0,0,0,0
dailycaller.com,0,0,0,0,0,0,0,0,0,7814,0
dailycurrant.com,0,5,0,0,0,0,0,0,0,0,0
dailyheadlines.com,38,0,0,0,0,0,0,0,0,0,0
dailyheadlines.net,16,0,0,0,0,0,0,0,0,0,0
dailykos.com,0,0,0,0,0,0,0,0,0,77640,0
dailynews10.com,1,0,0,0,0,0,0,0,0,0,0
dailypoliticsusa.com,0,0,1,0,0,0,0,0,0,0,0
dailysignal.com,0,0,885,0,0,0,0,0,0,0,0
dailysnark.com,0,13,0,0,0,0,0,0,0,0,0
dailysquib.co.uk,0,107,0,0,0,0,0,0,0,0,0
dailysurge.com,34,0,0,0,0,0,0,0,0,0,0
dailywire.com,0,0,499,0,0,0,0,0,0,0,0
dandygoat.com,0,11,0,0,0,0,0,0,0,0,0
darkmoon.me,0,0,0,0,0,0,51,0,0,0,0
darkpolitricks.com,0,0,1176,0,0,0,0,0,0,0,0
dataasylum.com,0,0,0,2,0,0,0,0,0,0,0
davidduke.com,0,0,0,0,0,0,54,0,0,0,0
davidwolfe.com,0,0,0,13,0,0,0,0,0,0,0
dcclothesline.com,0,0,0,748,0,0,0,0,0,0,0
dcgazette.com,177,0,0,0,0,0,0,0,0,0,0
de.finance.yahoo.com,0,0,0,0,0,0,0,0,0,0,206
debunkingskeptics.com,0,0,3,0,0,0,0,0,0,0,0
defenddemocracy.press,0,0,106,0,0,0,0,0,0,0,0
dennismichaellynch.com,0,0,0,0,0,0,0,0,0,471,0
der-postillon.com,0,42,0,0,0,0,0,0,0,0,0
derfmagazine.com,0,3,0,0,0,0,0,0,0,0,0
dineal.com,0,0,0,0,0,6,0,0,0,0,0
disclose.tv,0,671,0,0,0,0,0,0,0,0,0
disneyworld.disney.go.com,0,0,0,0,0,0,0,0,0,0,192
dissentmagazine.org,0,0,0,0,0,0,0,0,0,504,0
diversitychronicle.wordpress.com,0,6,0,0,0,0,0,0,0,0,0
donaldtrumpnews.co,3,0,0,0,0,0,0,0,0,0,0
downtrend.com,17,0,0,0,0,0,0,0,0,0,0
drrichswier.com,0,0,0,0,0,0,412,0,0,0,0
duhprogressive.com,0,6,0,0,0,0,0,0,0,0,0
economicnoise.com,0,0,0,0,0,0,0,0,0,246,0
ecowatch.com,0,0,0,0,0,0,0,0,0,400,0
edition.cnn.com,0,0,0,0,0,0,0,0,0,0,266
educate-yourself.org,0,0,0,544,0,0,0,0,0,0,0
electionnightgatekeepers.com,0,0,0,2,0,0,0,0,0,0,0
elelephantintheroom.blogspot.com,0,0,1,0,0,0,0,0,0,0,0
elitereaders.com,0,0,0,0,0,0,0,355,0,0,0
elkoshary.com,0,9,0,0,0,0,0,0,0,0,0
elmundotoday.com,0,5,0,0,0,0,0,0,0,0,0
empireherald.com,10,0,0,0,0,0,0,0,0,0,0
empirenews.net,45,0,0,0,0,0,0,0,0,0,0
empiresports.co,0,68,0,0,0,0,0,0,0,0,0
endingthefed.com,0,0,131,0,0,0,0,0,0,0,0
endoftheamericandream.com,0,0,0,370,0,0,0,0,0,0,0
endtime.com,0,0,15,0,0,0,0,0,0,0,0
enduringvision.com,90,0,0,0,0,0,0,0,0,0,0
enhlive.com,10,0,0,0,0,0,0,0,0,0,0
ewao.com,0,0,0,0,0,70,0,0,0,0,0
express.co.uk,0,0,0,0,0,0,0,0,0,0,0
eyeopening.info,0,0,0,163,0,0,0,0,0,0,0
familysecuritymatters.org,0,0,0,1235,0,0,0,0,0,0,0
fantasticword.com,0,0,0,0,0,0,0,0,0,0,0
federalistpress.com,0,0,12,0,0,0,0,0,0,0,0
feeds.reuters.com,0,0,0,0,0,0,0,0,0,0,275
fellowshipoftheminds.com,0,0,0,2951,0,0,0,0,0,0,0
filmsforaction.org,0,0,0,0,0,0,0,0,0,39,0
finance.yahoo.com,0,0,0,0,0,0,0,0,0,0,284
firearmscoalition.org,0,0,1,0,0,0,0,0,0,0,0
flashnewscorner.com,1,0,0,0,0,0,0,0,0,0,0
flyheight.com,0,0,0,0,0,0,0,0,0,0,0
fognews.ru,0,5,0,0,0,0,0,0,0,0,0
foodbabe.com,0,0,0,0,0,79,0,0,0,0,0
foreignpolicyjournal.com,0,0,0,0,0,0,0,0,0,112,0
fprnradio.com,0,0,0,6,0,0,0,0,0,0,0
freedomdaily.com,226,0,0,0,0,0,0,0,0,0,0
freedomoutpost.com,0,0,0,659,0,0,0,0,0,0,0
freedomworks.org,0,0,0,0,0,0,0,0,0,591,0
freewoodpost.com,0,7,0,0,0,0,0,0,0,0,0
fridaymash.com,0,142,0,0,0,0,0,0,0,0,0
fromthetrenchesworldreport.com,0,0,0,183,0,0,0,0,0,0,0
frontpagemag.com,0,0,1029,0,0,0,0,0,0,0,0
fusion.net,0,0,0,0,0,0,0,0,0,131,0
gaia.com,0,0,0,16,0,0,0,0,0,0,0
galacticconnection.com,0,0,0,0,0,133,0,0,0,0,0
geoengineeringwatch.org,0,0,0,0,0,33,0,0,0,0,0
geopolmonitor.com,0,0,0,0,0,0,0,0,0,1,0
glaringhypocrisy.com,0,0,0,0,0,0,2,0,0,0,0
globalpoliticsnow.com,2,0,0,0,0,0,0,0,0,0,0
glossynews.com,0,61,0,0,0,0,0,0,0,0,0
gomerblog.com,0,110,0,0,0,0,0,0,0,0,0
goneleft.com,1,0,0,0,0,0,0,0,0,0,0
gopthedailydose.com,7,0,0,0,0,0,0,0,0,0,0
govtslaves.info,0,0,0,28,0,0,0,0,0,0,0
greanvillepost.com,0,0,0,273,0,0,0,0,0,0,0
guardianlv.com,0,0,0,0,0,0,0,0,0,1184,0
guccifer2.wordpress.com,0,0,0,0,0,0,0,0,1,0,0
gulagbound.com,0,0,337,0,0,0,0,0,0,0,0
hangthebankers.com,0,0,0,43,0,0,0,0,0,0,0
healthimpactnews.com,0,0,0,0,0,381,0,0,0,0,0
healthnutnews.com,0,0,0,0,0,44,0,0,0,0,0
healthy-holistic-living.com,0,0,0,0,0,33,0,0,0,0,0
healthycareandbeauty.com,7,0,0,0,0,0,0,0,0,0,0
heartland.org,0,0,61,0,0,0,0,0,0,0,0
henrymakow.com,0,0,0,80,0,0,0,0,0,0,0
heritage.org,0,0,0,0,0,0,0,0,0,396,0
horowitzfreedomcenter.org,0,0,2,0,0,0,0,0,0,0,0
humansarefree.com,0,0,0,99,0,0,0,0,0,0,0
humortimes.com,0,142,0,0,0,0,0,0,0,0,0
huzlers.com,0,35,0,0,0,0,0,0,0,0,0
icr.org,0,0,0,0,0,265,0,0,0,0,0
ifyouonlynews.com,0,0,0,0,0,0,0,0,334,0,0
ihr.org,0,0,0,0,0,0,79,0,0,0,0
ijr.com,0,0,0,0,0,0,0,0,0,162,0
illuminati-news.com,0,0,0,13,0,0,0,0,0,0,0
in.reuters.com,0,0,0,0,0,0,0,0,0,0,457
in5d.com,0,0,0,0,0,205,0,0,0,0,0
indianexpress.com,0,0,0,0,0,0,0,0,0,0,1346
infiniteunknown.net,0,0,0,1228,0,0,0,0,0,0,0
informationclearinghouse.info,0,0,0,148,0,0,0,0,0,0,0
infowars.com,0,0,0,524,0,0,0,0,0,0,0
intellihub.com,0,0,0,103,0,0,0,0,0,0,0
intrendtoday.com,8,0,0,0,0,0,0,0,0,0,0
intrepidreport.com,0,0,56,0,0,0,0,0,0,0,0
investmentresearchdynamics.com,0,0,0,252,0,0,0,0,0,0,0
investmentwatchblog.com,0,0,8042,0,0,0,0,0,0,0,0
islamicanews.com,0,26,0,0,0,0,0,0,0,0,0
itaglive.com,5,0,0,0,0,0,0,0,0,0,0
jackpineradicals.com,0,0,0,0,0,0,0,0,0,1403,0
jacobinmag.com,0,0,0,0,0,0,0,0,0,543,0
jamesrgrangerjr.com,0,0,7,0,0,0,0,0,0,0,0
jesus-is-savior.com,0,0,0,310,0,0,0,0,0,0,0
jewsnews.co.il,0,0,0,0,0,0,0,0,25,0,0
jihadwatch.org,0,0,0,1455,0,0,0,0,0,0,0
johnnyrobish.com,0,2,0,0,0,0,0,0,0,0,0
journal-neo.org,0,0,289,0,0,0,0,0,0,0,0
judicialwatch.org,0,0,0,0,0,0,0,0,0,2898,0
katehon.com,0,0,5563,0,0,0,0,0,0,0,0
kauilapele.wordpress.com,0,0,0,0,0,0,0,0,0,0,0
kingworldnews.com,0,0,0,0,0,0,0,0,0,0,0
knowledgeoftoday.org,0,0,0,104,0,0,0,0,0,0,0
krbcnews.com,2,0,0,0,0,0,0,0,0,0,0
landoverbaptist.org,0,87,0,0,0,0,0,0,0,0,0
latino.foxnews.com,0,0,0,0,0,0,0,0,0,0,120
learnprogress.org,5,0,0,0,0,0,0,0,0,0,0
legorafi.fr,0,0,0,0,0,0,0,0,0,0,0
lewrockwell.com,0,0,3956,0,0,0,0,0,0,0,0
liberalamerica.org,0,0,0,0,0,0,0,5287,0,0,0
liberalbias.com,0,26,0,0,0,0,0,0,0,0,0
liberaldarkness.com,0,3,0,0,0,0,0,0,0,0,0
libertynews.com,0,0,0,0,0,0,0,0,624,0,0
libertytalk.fm,0,0,0,2,0,0,0,0,0,0,0
libertyunyielding.com,0,0,2088,0,0,0,0,0,0,0,0
libertyvideos.org,0,0,0,4,0,0,0,0,0,0,0
lifenews.com,0,0,5590,0,0,0,0,0,0,0,0
lifesitenews.com,0,0,0,0,0,0,0,3393,0,0,0
lifezette.com,0,0,0,0,0,0,0,9149,0,0,0
lightlybraisedturnip.com,0,0,0,0,0,0,0,0,0,0,0
livefreelivenatural.com,0,0,0,0,0,0,0,0,0,0,0
loanpride.com,0,0,0,0,0,0,0,0,0,0,0
lovethispic.com,0,0,0,0,0,0,0,38,0,0,0
lushforlife.com,0,2,0,0,0,0,0,0,0,0,0
m.mlb.com,0,0,0,0,0,0,0,0,0,0,352
madpatriots.com,0,0,0,0,0,0,0,0,1,0,0
madworldnews.com,0,0,0,0,0,0,0,0,97,0,0
meanlefthook.com,0,0,24,0,0,0,0,0,0,0,0
metropolitanworlds.com,3,0,0,0,0,0,0,0,0,0,0
mintpressnews.com,0,0,0,0,0,0,0,0,0,3166,0
money.cnn.com,0,0,0,0,0,0,0,0,0,0,99
moonofalabama.org,0,0,293,0,0,0,0,0,0,0,0
morningledger.com,0,0,0,0,0,0,0,0,1451,0,0
morningnewsusa.com,0,0,0,0,0,0,0,0,1683,0,0
motherboard.vice.com,0,0,0,0,0,0,0,0,0,0,88
mrc.org,0,0,0,0,0,0,0,0,0,171,0
music.yahoo.com,0,0,0,0,0,0,0,0,0,0,413
nakedcapitalism.com,0,0,0,0,0,0,0,0,0,1011,0
nasamoonhoax.com,0,0,0,5,0,0,0,0,0,0,0
nationalreport.net,0,14,0,0,0,0,0,0,0,0,0
nationalreview.com,0,0,0,0,0,0,0,0,0,37377,0
nationalvanguard.org,0,0,0,0,0,0,644,0,0,0,0
naturalblaze.com,0,0,0,0,0,385,0,0,0,0,0
naturalnews.com,0,0,0,0,0,6746,0,0,0,0,0
naturalnewsblogs.com,0,0,0,0,0,2201,0,0,0,0,0
ncscooper.com,0,139,0,0,0,0,0,0,0,0,0
neonnettle.com,0,0,0,284,0,0,0,0,0,0,0
newcenturytimes.com,0,0,0,0,0,0,0,0,3,0,0
newcoldwar.org,0,0,0,0,0,0,0,0,0,15,0
news.abs-cbn.com,0,0,0,0,0,0,0,0,0,0,195
news.yahoo.com,0,0,0,0,0,0,0,0,0,0,1894
news4ktla.com,1,0,0,0,0,0,0,0,0,0,0
newsbreakers.org,0,3,0,0,0,0,0,0,0,0,0
newsfrompolitics.com,34,0,0,0,0,0,0,0,0,0,0
newsinfo.inquirer.net,0,0,0,0,0,0,0,0,0,0,174
newslo.com,267,0,0,0,0,0,0,0,0,0,0
newsmagazine.com,1,0,0,0,0,0,0,0,0,0,0
newsmutiny.com,0,44,0,0,0,0,0,0,0,0,0
newstarget.com,0,0,0,3618,0,0,0,0,0,0,0
newsthump.com,0,25,0,0,0,0,0,0,0,0,0
newstoad.net,0,4,0,0,0,0,0,0,0,0,0
newswire-24.com,0,0,0,0,0,0,0,0,0,0,0
newswithviews.com,646,0,0,0,0,0,0,0,0,0,0
nodisinfo.com,0,0,0,35,0,0,0,0,0,0,0
northcrane.com,0,0,0,0,0,0,0,0,4,0,0
notallowedto.com,0,0,0,0,0,0,0,3,0,0,0
now8news.com,2,0,0,0,0,0,0,0,0,0,0
nowtheendbegins.com,0,0,0,67,0,0,0,0,0,0,0
nutritionfacts.org,0,0,0,0,0,0,0,0,0,0,722
nypost.com,0,0,0,0,0,0,0,0,0,0,365
nytimes.com,0,0,0,0,0,0,0,0,0,0,176144
nz.news.yahoo.com,0,0,0,0,0,0,0,0,0,0,115
nz.sports.yahoo.com,0,0,0,0,0,0,0,0,0,0,247
oann.com,0,0,0,0,0,0,0,0,0,156,0
oathkeepers.org,0,0,405,0,0,0,0,0,0,0,0
observer.com,0,0,0,0,0,0,0,0,0,4179,0
occupydemocrats.com,0,0,0,0,0,0,0,147,0,0,0
off-guardian.org,0,0,138,0,0,0,0,0,0,0,0
oftwominds.com,0,0,150,0,0,0,0,0,0,0,0
oilgeopolitics.net,0,0,0,13,0,0,0,0,0,0,0
onepoliticalplaza.com,8,0,0,0,0,0,0,0,0,0,0
online.wsj.com,0,0,0,0,0,0,0,0,0,0,208
onlineconservativepress.com,22,0,0,0,0,0,0,0,0,0,0
opednews.com,0,0,0,0,0,0,0,0,0,0,0
openmagazines.com,133,0,0,0,0,0,0,0,0,0,0
openmindmagazine.com,0,0,13,0,0,0,0,0,0,0,0
orientalreview.org,0,0,310,0,0,0,0,0,0,0,0
other98.com,0,0,0,0,0,0,0,4,0,0,0
palmerreport.com,0,0,15,0,0,0,0,0,0,0,0
pamelageller.com,0,0,0,1085,0,0,0,0,0,0,0
patriotarchives.blogspot.com,0,0,0,0,0,0,0,0,0,0,0
patriotchronicle.com,0,0,97,0,0,0,0,0,0,0,0
patriotnewsdaily.com,0,11,0,0,0,0,0,0,0,0,0
patriotpost.us,0,0,1708,0,0,0,0,0,0,0,0
patriotrising.com,0,0,5,0,0,0,0,0,0,0,0
paulcraigroberts.org,0,0,156,0,0,0,0,0,0,0,0
people.com,0,0,0,0,0,0,0,0,0,0,245
pjmedia.com,0,0,0,0,0,0,0,0,0,6188,0
platosguns.com,0,0,14,0,0,0,0,0,0,0,0
policestateusa.com,0,0,0,0,0,0,0,0,0,0,0
policyreview.info,0,0,0,0,0,0,0,0,0,0,0
politicalblindspot.com,0,0,0,327,0,0,0,0,0,0,0
politicalcult.com,0,0,286,0,0,0,0,0,0,0,0
politicalsitenews.com,49,0,0,0,0,0,0,0,0,0,0
politicops.com,0,386,0,0,0,0,0,0,0,0,0
politicot.com,0,81,0,0,0,0,0,0,0,0,0
politicsinformation.com,0,0,0,0,0,0,0,0,0,0,0
politicsinusa.com,0,0,0,0,0,0,0,0,0,0,0
politicususa.com,0,0,0,0,0,0,0,1577,0,0,0
powerlineblog.com,0,0,0,0,0,0,0,0,0,0,0
pravda.ru,0,0,10974,0,0,0,0,0,0,0,0
pravdareport.com,0,0,1071,0,0,0,0,0,0,0,0
prepperwebsite.com,0,0,0,50,0,0,0,0,0,0,0
president45donaldtrump.com,34,0,0,0,0,0,0,0,0,0,0
presstv.com,0,0,4167,0,0,0,0,0,0,0,0
prisonplanet.com,0,0,0,387,0,0,0,0,0,0,0
prntly.com,75,0,0,0,0,0,0,0,0,0,0
proamericanews.com,1,0,0,0,0,0,0,0,0,0,0
profit.ndtv.com,0,0,0,0,0,0,0,0,0,0,172
projectveritas.com,0,0,278,0,0,0,0,0,0,0,0
proudemocrat.com,0,0,0,0,0,0,0,0,0,21,0
qpolitical.com,0,0,93,0,0,0,0,0,0,0,0
randpaulreview.com,0,0,0,0,0,0,0,0,0,0,0
rawstory.com,0,0,0,0,0,0,0,0,0,7059,0
rbth.com,0,0,0,0,0,0,0,0,0,0,0
readconservatives.news,0,0,2,0,0,0,0,0,0,0,0
readynutrition.com,0,0,0,0,0,0,0,0,0,0,0
realfarmacy.com,0,0,0,0,0,857,0,0,0,0,0
realnewsrightnow.com,277,0,0,0,0,0,0,0,0,0,0
realtimepolitics.com,0,0,6,0,0,0,0,0,0,0,0
redcountry.us,3,0,0,0,0,0,0,0,0,0,0
redflagnews.com,0,0,13,0,0,0,0,0,0,0,0
redrocktribune.com,20,0,0,0,0,0,0,0,0,0,0
redstate.com,0,0,0,0,0,0,0,0,0,3116,0
reductress.com,0,6,0,0,0,0,0,0,0,0,0
religionmind.com,15,0,0,0,0,0,0,0,0,0,0
remedydaily.com,0,0,0,0,0,0,0,3,0,0,0
rense.com,0,0,0,623,0,0,0,0,0,0,0
resistancereport.com,0,0,0,0,0,0,0,0,0,137,0
responsibletechnology.org,0,0,0,0,0,31,0,0,0,0,0
returnofkings.com,0,0,0,0,0,0,715,0,0,0,0
revolutions2040.com,0,0,0,0,0,98,0,0,0,0,0
rhotv.com,14,0,0,0,0,0,0,0,0,0,0
rickwells.us,135,0,0,0,0,0,0,0,0,0,0
rightalert.com,0,0,27,0,0,0,0,0,0,0,0
rightwingnews.com,0,0,738,0,0,0,0,0,0,0,0
rinf.com,0,0,0,0,0,0,0,0,0,3225,0
rockcitytimes.com,0,3,0,0,0,0,0,0,0,0,0
ronpaulinstitute.org,0,0,0,0,0,0,0,0,0,109,0
rumormillnews.com,0,0,0,2,0,0,0,0,0,0,0
russia-direct.org,0,0,0,0,0,0,0,0,0,0,0
russia-insider.com,0,0,644,0,0,0,0,0,0,0,0
scrappleface.com,0,27,0,0,0,0,0,0,0,0,0
secretsofthefed.com,0,0,0,87,0,0,0,0,0,0,0
sensationalisttimes.com,0,5,0,0,0,0,0,0,0,0,0
shadowproof.com,0,0,0,0,0,0,0,0,0,0,0
shareblue.com,0,0,0,0,0,0,0,0,100,0,0
sheepkillers.com,0,0,0,8,0,0,0,0,0,0,0
shiftfrequency.com,0,0,0,0,0,0,0,0,0,0,0
shoebat.com,0,0,0,996,0,0,0,0,0,0,0
shtfplan.com,0,0,0,0,0,0,0,0,0,0,0
silentmajoritypatriots.com,0,0,0,0,0,0,0,0,0,0,0
skeptiko.com,0,0,0,11,0,0,0,0,0,0,0
smag31.com,13,0,0,0,0,0,0,0,0,0,0
sonsoflibertyradio.com,0,0,0,3,0,0,0,0,0,0,0
sott.net,0,0,0,0,0,0,0,0,0,0,0
southfront.org,0,0,0,0,0,0,0,0,0,0,0
speld.nl,0,1,0,0,0,0,0,0,0,0,0
sports.yahoo.com,0,0,0,0,0,0,0,0,0,0,604
sportspickle.com,0,15,0,0,0,0,0,0,0,0,0
sputniknews.com,0,0,37229,0,0,0,0,0,0,0,0
stneotscitizen.com,0,24,0,0,0,0,0,0,0,0,0
stormcloudsgathering.com,3,0,0,0,0,0,0,0,0,0,0
strategic-culture.org,0,0,0,0,0,0,0,0,0,0,0
stuppid.com,0,26,0,0,0,0,0,0,0,0,0
success-street.com,11,0,0,0,0,0,0,0,0,0,0
surenews.com,0,0,0,0,0,0,0,0,0,0,0
survivopedia.com,0,0,0,0,0,0,0,0,0,0,0
teaparty.org,126,0,0,0,0,0,0,0,0,0,0
teapartyeconomist.com,0,0,0,0,0,0,0,0,0,0,0
teapartytribune.com,0,0,0,0,0,0,0,0,0,0,0
the-newspapers.com,0,0,0,0,0,0,0,0,0,0,0
theamericancause.org,0,0,0,0,0,0,0,0,0,0,0
theamericanmirror.com,0,0,0,0,0,0,0,0,0,0,0
theantimedia.org,0,0,0,0,0,0,0,0,173,0,0
thebigriddle.com,36,0,0,0,0,0,0,0,0,0,0
theblaze.com,0,0,0,0,0,0,0,0,0,370,0
thecivilian.co.nz,0,0,0,0,0,0,0,0,0,0,0
thecommonsenseshow.com,100,0,0,0,0,0,0,0,0,0,0
theconservativetreehouse.com,0,0,0,0,0,0,0,0,0,0,0
thedailybeast.com,0,0,0,0,0,0,0,0,0,1460,0
thedailybell.com,0,0,0,0,0,0,0,0,0,0,0
thedailymash.co.uk,0,1273,0,0,0,0,0,0,0,0,0
thedailysheeple.com,0,0,0,6013,0,0,0,0,0,0,0
thedailywtf.com,0,109,0,0,0,0,0,0,0,0,0
theduran.com,0,0,0,0,0,0,0,0,1546,0,0
theeconomiccollapseblog.com,0,0,0,1252,0,0,0,0,0,0,0
theeventchronicle.com,0,0,0,1964,0,0,0,0,0,0,0
thefederalistpapers.org,0,0,1743,0,0,0,0,0,0,0,0
thefifthcolumnnews.com,0,0,0,0,0,0,0,0,0,1768,0
theforbiddenknowledge.com,0,0,0,4,0,0,0,0,0,0,0
thefreepatriot.org,1005,0,0,0,0,0,0,0,0,0,0
thefreethoughtproject.com,0,0,0,0,0,0,0,0,911,0,0
thegatewaypundit.com,0,0,787,0,0,0,0,0,0,0,0
thegoldwater.com,0,0,0,0,0,0,0,0,0,0,0
thehardtimes.net,0,447,0,0,0,0,0,0,0,0,0
theineptowl.com,0,76,0,0,0,0,0,0,0,0,0
theinformedamerican.net,0,0,0,0,0,0,0,0,20,0,0
theintercept.com,0,0,0,0,0,0,0,0,0,237,0
theinternetpost.net,1277,0,0,0,0,0,0,0,0,0,0
thelastgreatstand.com,9,0,0,0,0,0,0,0,0,0,0
thelibertybeacon.com,0,0,0,4392,0,0,0,0,0,0,0
themideastbeast.com,0,201,0,0,0,0,0,0,0,0,0
themindunleashed.com,0,0,0,379,0,0,0,0,0,0,0
themuslimissue.wordpress.com,0,0,0,0,0,0,1377,0,0,0,0
thenet24h.com,2085,0,0,0,0,0,0,0,0,0,0
thenewamerican.com,0,0,3059,0,0,0,0,0,0,0,0
thenewinquiry.com,0,0,0,0,0,0,0,0,0,0,0
thenewsdoctors.com,0,0,51,0,0,0,0,0,0,0,0
thenewyorkevening.com,15,0,0,0,0,0,0,0,0,0,0
theonion.com,0,1689,0,0,0,0,0,0,0,0,0
theopenscroll.blogspot.com,0,0,0,0,0,0,0,0,0,0,0
theorganicprepper.ca,0,0,0,0,0,0,0,0,0,0,0
thepeoplescube.com,0,0,0,0,0,0,0,0,0,0,0
thephaser.com,0,0,0,2809,0,0,0,0,0,0,0
thepoke.co.uk,0,12,0,0,0,0,0,0,0,0,0
thepoliticalinsider.com,0,0,0,175,0,0,0,0,0,0,0
thepostemail.com,0,0,0,0,0,0,0,0,0,0,0
therebel.media,0,0,0,0,0,0,0,0,0,0,0
therightists.com,0,3,0,0,0,0,0,0,0,0,0
therightscoop.com,410,0,0,0,0,0,0,0,0,0,0
therightstuff.biz,0,0,0,0,0,0,125,0,0,0,0
therussophile.org,0,0,0,0,0,0,0,0,0,0,0
thesaker.is,0,0,0,0,0,0,0,0,0,0,0
theshovel.com.au,0,52,0,0,0,0,0,0,0,0,0
thesleuthjournal.com,0,0,0,0,0,0,0,0,0,0,0
thespoof.com,0,623,0,0,0,0,0,0,0,0,0
thestatelyharold.com,0,1,0,0,0,0,0,0,0,0,0
thetruthaboutcancer.com,0,0,0,0,0,160,0,0,0,0,0
thetruthdivision.com,448,0,0,0,0,0,0,0,0,0,0
thevalleyreport.com,0,18,0,0,0,0,0,0,0,0,0
thewashingtonpress.com,10,0,0,0,0,0,0,0,0,0,0
thinkprogress.org,0,0,0,0,0,0,0,0,0,4663,0
thirdworldtraveler.com,0,0,0,0,0,0,0,0,0,0,0
threepercenternation.com,2906,0,0,0,0,0,0,0,0,0,0
thrivemovement.com,0,0,0,0,0,0,0,0,0,0,0
toprightnews.com,0,0,0,0,0,0,0,0,0,0,0
tribuneherald.net,0,0,0,0,0,0,0,0,0,0,0
tribunist.com,0,0,0,0,0,0,0,0,0,0,0
trueeconomics.blogspot.com,0,0,0,0,0,0,0,0,0,0,0
truepundit.com,0,0,2675,0,0,0,0,0,0,0,0
trunews.com,0,0,0,0,0,0,0,0,0,0,0
truthandaction.org,0,0,3492,0,0,0,0,0,0,0,0
truthbroadcastnetwork.com,0,0,0,5150,0,0,0,0,0,0,0
truthfeed.com,0,0,0,0,0,0,13,0,0,0,0
truthingold.com,0,0,0,0,0,0,0,0,0,0,0
truthkings.com,0,0,318,0,0,0,0,0,0,0,0
truthnetwork.com,0,0,0,0,0,0,0,0,0,0,0
truthrevolt.org,0,0,2266,0,0,0,0,0,0,0,0
twitchy.com,0,0,0,0,0,0,0,5361,0,0,0
tyronetribulations.com,0,0,0,0,0,0,0,0,0,0,0
ufoholic.com,0,0,0,9,0,0,0,0,0,0,0
uk.finance.yahoo.com,0,0,0,0,0,0,0,0,0,0,1405
uk.news.yahoo.com,0,0,0,0,0,0,0,0,0,0,158
uk.reuters.com,0,0,0,0,0,0,0,0,0,0,718
unclesamsmisguidedchildren.com,0,0,11,0,0,0,0,0,0,0,0
unconfirmedsources.com,0,24,0,0,0,0,0,0,0,0,0
undergroundhealth.com,0,0,0,0,0,0,0,0,0,0,0
unionleader.com,0,0,0,0,0,0,0,0,0,0,0
universepolitics.com,32,0,0,0,0,0,0,0,0,0,0
unz.com,0,0,4602,0,0,0,0,0,0,0,0
us.blastingnews.com,0,5464,0,0,0,0,0,0,0,0,0
usa-television.com,15,0,0,0,0,0,0,0,0,0,0
usadailytime.com,19,0,0,0,0,0,0,0,0,0,0
usadosenews.com,5,0,0,0,0,0,0,0,0,0,0
usafirstinformation.com,1,0,0,0,0,0,0,0,0,0,0
usaphase.com,9,0,0,0,0,0,0,0,0,0,0
usapoliticstoday.com,0,0,38,0,0,0,0,0,0,0,0
usapoliticszone.com,4,0,0,0,0,0,0,0,0,0,0
usasupreme.com,172,0,0,0,0,0,0,0,0,0,0
usatwentyfour.com,3,0,0,0,0,0,0,0,0,0,0
uschronicle.com,0,0,4,0,0,0,0,0,0,0,0
usdefensewatch.com,0,0,0,0,0,0,0,0,215,0,0
ushealthyadvisor.com,45,0,0,0,0,0,0,0,0,0,0
ushealthylife.com,1,0,0,0,0,0,0,0,0,0,0
usherald.com,0,0,189,0,0,0,0,0,0,0,0
usinfonews.com,5,0,0,0,0,0,0,0,0,0,0
uspoliticslive.com,11,0,0,0,0,0,0,0,0,0,0
uspoln.com,1,0,0,0,0,0,0,0,0,0,0
vdare.com,0,0,2059,0,0,0,0,0,0,0,0
veteransnewsnow.com,0,0,0,0,0,0,0,0,376,0,0
veteranstoday.com,0,0,1505,0,0,0,0,0,0,0,0
video.foxnews.com,0,0,0,0,0,0,0,0,0,0,159
vigilantcitizen.com,38,0,0,0,0,0,0,0,0,0,0
viralactions.com,8,0,0,0,0,0,0,0,0,0,0
viralliberty.com,39,0,0,0,0,0,0,0,0,0,0
wakingtimes.com,0,0,0,0,0,521,0,0,0,0,0
washingtonexaminer.com,0,0,0,0,0,0,0,0,0,3532,0
washingtonsblog.com,0,0,392,0,0,0,0,0,0,0,0
washpost.bloomberg.com,0,0,0,0,0,0,0,0,0,0,107
waterfordwhispersnews.com,0,77,0,0,0,0,0,0,0,0,0
wealthwire.com,0,0,0,0,0,0,0,0,0,0,0
wearechange.org,0,0,461,0,0,0,0,0,0,0,0
weaselzippers.us,0,0,0,0,0,0,0,0,54,0,0
weeklystandard.com,0,0,0,0,0,0,0,0,0,3166,0
weeklyworldnews.com,108,0,0,0,0,0,0,0,0,0,0
weshapelife.org,0,0,0,2,0,0,0,0,0,0,0
westernjournalism.com,0,0,450,0,0,0,0,0,0,0,0
whatdoesitmean.com,0,0,0,82,0,0,0,0,0,0,0
whatreallyhappened.com,0,0,0,168,0,0,0,0,0,0,0
whowhatwhy.org,0,0,0,67,0,0,0,0,0,0,0
whydontyoutrythis.com,0,0,0,0,0,41,0,0,0,0,0
wiki.mozilla.org,0,0,0,0,0,0,0,0,0,0,154
wikileaks.com,0,0,0,0,0,0,0,0,1030,0,0
wikileaks.org,0,0,0,0,0,0,0,0,23699,0,0
wikispooks.com,0,0,0,9520,0,0,0,0,0,0,0
winningdemocrats.com,0,0,2,0,0,0,0,0,0,0,0
wnd.com,0,0,974,0,0,0,0,0,0,0,0
world24monitor.com,0,0,0,0,0,0,0,0,0,0,0
worlddaily.info,0,0,0,0,0,0,0,0,0,0,0
worldnewsdailyreport.com,0,129,0,0,0,0,0,0,0,0,0
worldtruth.tv,0,0,0,35,0,0,0,0,0,0,0
worldwidehealthy.com,0,0,0,0,0,2,0,0,0,0,0
wundergroundmusic.com,0,11,0,0,0,0,0,0,0,0,0
www.bloomberg.com,0,0,0,0,0,0,0,0,0,0,489
www.businessinsider.com,0,0,0,0,0,0,0,0,0,0,778
www.buzzfeed.com,0,0,0,0,0,0,0,0,0,0,74
www.cbsnews.com,0,0,0,0,0,0,0,0,0,0,334
www.cbssports.com,0,0,0,0,0,0,0,0,0,0,287
www.chron.com,0,0,0,0,0,0,0,0,0,0,2137
www.cnbc.com,0,0,0,0,0,0,0,0,0,0,385
www.cnet.com,0,0,0,0,0,0,0,0,0,0,222
www.cnn.com,0,0,0,0,0,0,0,0,0,0,167
www.engadget.com,0,0,0,0,0,0,0,0,0,0,116
www.eonline.com,0,0,0,0,0,0,0,0,0,0,210
www.forbes.com,0,0,0,0,0,0,0,0,0,0,180
www.foxnews.com,0,0,0,0,0,0,0,0,0,0,77
www.huffingtonpost.com,0,0,0,0,0,0,0,0,0,0,1255
www.investing.com,0,0,0,0,0,0,0,0,0,0,210
www.latimes.com,0,0,0,0,0,0,0,0,0,0,598
www.legacy.com,0,0,0,0,0,0,0,0,0,0,555
www.marketwatch.com,0,0,0,0,0,0,0,0,0,0,399
www.msn.com,0,0,0,0,0,0,0,0,0,0,909
www.nba.com,0,0,0,0,0,0,0,0,0,0,209
www.nbcnews.com,0,0,0,0,0,0,0,0,0,0,175
www.ndtv.com,0,0,0,0,0,0,0,0,0,0,450
www.nfl.com,0,0,0,0,0,0,0,0,0,0,76
www.nhl.com,0,0,0,0,0,0,0,0,0,0,616
www.npr.org,0,0,0,0,0,0,0,0,0,0,306
www.nydailynews.com,0,0,0,0,0,0,0,0,0,0,473
www.nytimes.com,0,0,0,0,0,0,0,0,0,0,523
www.politico.com,0,0,0,0,0,0,0,0,0,0,183
www.realclearpolitics.com,0,0,0,0,0,0,0,0,0,0,93
www.reuters.com,0,0,0,0,0,0,0,0,0,0,3956
www.sfgate.com,0,0,0,0,0,0,0,0,0,0,2468
www.theatlantic.com,0,0,0,0,0,0,0,0,0,0,74
www.theguardian.com,0,0,0,0,0,0,0,0,0,0,747
www.usatoday.com,0,0,0,0,0,0,0,0,0,0,457
www.vice.com,0,0,0,0,0,0,0,0,0,0,121
www.washingtonpost.com,0,0,0,0,0,0,0,0,0,0,558
www.wikihow.com,0,0,0,0,0,0,0,0,0,0,80
www.wsj.com,0,0,0,0,0,0,0,0,0,0,618
www.yahoo.com,0,0,0,0,0,0,0,0,0,0,2629
yellowhammernews.com,0,0,0,0,0,0,0,0,0,13,0
yesimright.com,1,0,0,0,0,0,0,0,0,0,0
yournationnews.com,0,0,0,0,0,0,0,4,0,0,0
yournewswire.com,0,0,0,0,0,0,0,1230,0,0,0
zeenews.india.com,0,0,0,0,0,0,0,0,0,0,299
zerohedge.com,0,0,0,4185,0,0,0,0,0,0,0
zootfeed.com,0,0,0,22,0,0,0,0,0,0,0
